{"cameraMode":{"drawMode":0,"name":"Shaded","section":"Shading Mode"},"sceneLighting":true,"audioPlay":false,"sceneViewState":{"showFog":true,"showMaterialUpdate":false,"showSkybox":true,"showFlares":true,"showImageEffects":true,"showParticleSystems":true},"in2DMode":false,"pivot":{"x":-11.934158325195313,"y":-22.868648529052736,"z":-32.101654052734378},"rotation":{"x":0.06565703451633454,"y":-0.9093373417854309,"z":0.37953847646713259,"w":0.15730753540992738},"size":37.15903854370117,"orthographic":false}