{"cameraMode":{"drawMode":0,"name":"Shaded","section":"Shading Mode"},"sceneLighting":true,"audioPlay":false,"sceneViewState":{"showFog":true,"showMaterialUpdate":false,"showSkybox":true,"showFlares":true,"showImageEffects":true,"showParticleSystems":true},"in2DMode":false,"pivot":{"x":-18.012165069580079,"y":-23.490718841552736,"z":-29.266626358032228},"rotation":{"x":0.06565703451633454,"y":-0.9093373417854309,"z":0.37953847646713259,"w":0.15730753540992738},"size":44.76424789428711,"orthographic":false}