{"cameraMode":{"drawMode":0,"name":"Shaded","section":"Shading Mode"},"sceneLighting":true,"audioPlay":false,"sceneViewState":{"showFog":true,"showMaterialUpdate":false,"showSkybox":true,"showFlares":true,"showImageEffects":true,"showParticleSystems":true},"in2DMode":false,"pivot":{"x":-0.06729365885257721,"y":-1.849370002746582,"z":2.654693603515625},"rotation":{"x":0.11911405622959137,"y":-0.007132663391530514,"z":0.0008741849451325834,"w":0.9928807616233826},"size":8.586313247680664,"orthographic":false}